X,Y,Z,area,volume,atomic_block,cellId,baseCellId,velocity_x,velocity_y,velocity_z
3.65827,99.3333,5.0,132.912,141.525,9.0,13.0,13.0,0.0,0.0,0.0
6.03886,98.6574,5.0093,136.612,141.499,9.0,13.0,13.0,0.00044589,-0.000138131,3.94065e-06
8.08882,97.9814,5.04462,145.169,141.399,9.0,13.0,13.0,0.000346351,-0.000114277,7.29527e-06
9.90435,97.3322,5.10956,150.752,141.382,9.0,13.0,13.0,0.000351585,-0.000129466,1.25024e-05
11.6089,96.7049,5.16461,153.717,141.41,9.0,13.0,13.0,0.000329853,-0.000121393,8.03857e-06
13.2248,96.0986,5.20783,155.06,141.394,9.0,13.0,13.0,0.000316876,-0.000121636,9.58869e-06
14.7904,95.4976,5.25261,155.599,141.376,9.0,13.0,13.0,0.000306937,-0.000118445,7.37563e-06
16.3173,94.9357,5.29083,154.986,141.393,9.0,13.0,13.0,0.000305339,-0.000108667,6.34984e-06
17.8382,94.4193,5.3198,154.638,141.398,9.0,13.0,13.0,0.000304155,-9.9983e-05,6.01136e-06
19.3655,93.9253,5.35311,154.264,141.419,9.0,13.0,13.0,0.000306238,-9.90757e-05,7.2444e-06
20.9102,93.4234,5.39354,154.048,141.416,9.0,13.0,13.0,0.000310276,-0.00010219,8.26569e-06
22.4649,92.897,5.43284,153.908,141.429,9.0,13.0,13.0,0.000309395,-0.000108557,7.23796e-06
24.0151,92.3423,5.46543,153.405,141.403,9.0,13.0,13.0,0.000310948,-0.000113609,5.13814e-06
25.5755,91.7488,5.48852,152.939,141.424,9.0,13.0,13.0,0.000312908,-0.000123372,4.4206e-06
27.1588,91.1073,5.50685,152.715,141.424,9.0,13.0,13.0,0.000318865,-0.000134451,3.96092e-06
28.7523,90.4017,5.52944,152.14,141.422,9.0,13.0,13.0,0.00032074,-0.000146972,3.90243e-06
30.3743,89.6322,5.5436,151.805,141.412,9.0,13.0,13.0,0.000331061,-0.0001605,4.41206e-06
32.0512,88.7973,5.55963,151.724,141.406,9.0,13.0,13.0,0.000340798,-0.000173242,2.74018e-06
33.7979,87.8949,5.57888,152.274,141.402,9.0,13.0,13.0,0.000358132,-0.000194369,3.74637e-06
35.6762,86.8455,5.60708,152.779,141.404,9.0,13.0,13.0,0.000391263,-0.000227189,7.56959e-06
37.7489,85.5887,5.66028,153.041,141.395,9.0,13.0,13.0,0.000426822,-0.000273554,1.07981e-05
40.0465,84.0914,5.72579,153.27,141.393,9.0,13.0,13.0,0.000483724,-0.000321907,1.2982e-05
42.5804,82.386,5.79601,153.464,141.388,9.0,13.0,13.0,0.000525435,-0.000358124,1.52365e-05
45.3677,80.5179,5.87812,153.059,141.391,9.0,13.0,13.0,0.000584943,-0.000383756,1.8183e-05
48.3986,78.5858,5.96652,152.141,141.401,9.0,13.0,13.0,0.000591532,-0.000378576,6.81558e-06
51.2415,76.8007,5.98223,152.283,141.38,5.0,13.0,13.0,0.000533916,-0.000327309,-4.87807e-06
53.7349,75.3719,5.9475,153.314,141.369,5.0,13.0,13.0,0.00052178,-0.000277071,-3.82695e-06
56.4371,74.1578,5.94687,153.625,141.391,5.0,13.0,13.0,0.000558579,-0.000210919,5.43835e-06
59.2046,73.3422,5.98084,153.567,141.381,5.0,13.0,13.0,0.000536391,-0.000109671,6.22005e-06
61.9641,72.9804,6.02384,153.347,141.393,5.0,13.0,13.0,0.000546484,-2.8821e-05,8.59499e-06
64.7676,72.9576,6.06235,153.671,141.403,5.0,13.0,13.0,0.000578201,2.71617e-05,7.96113e-06
67.618,73.2482,6.10859,154.12,141.417,5.0,13.0,13.0,0.000579461,7.66348e-05,1.16112e-05
70.655,73.7879,6.16446,153.652,141.412,5.0,13.0,13.0,0.000617725,0.000131628,9.28574e-06
73.5637,74.441,6.18511,152.894,141.393,5.0,13.0,13.0,0.000579585,0.000128117,4.98966e-06
76.4288,75.0179,6.20808,152.278,141.41,5.0,13.0,13.0,0.000568078,0.000100247,4.18677e-06
79.2436,75.401,6.23273,151.781,141.407,5.0,13.0,13.0,0.000558998,4.99628e-05,5.22419e-06
82.0202,75.4787,6.25523,152.077,141.368,5.0,13.0,13.0,0.00055209,-2.20461e-05,4.12808e-06
84.7945,75.1372,6.27976,152.793,141.391,5.0,13.0,13.0,0.000555954,-9.97559e-05,3.05538e-06
87.6402,74.2888,6.29892,154.483,141.361,5.0,13.0,13.0,0.000593535,-0.000234717,9.60788e-06
90.7458,72.8163,6.34529,154.888,141.335,5.0,13.0,13.0,0.000656154,-0.000359616,1.12984e-05
94.2395,70.6512,6.40036,155.245,141.319,5.0,13.0,13.0,0.000743987,-0.000500211,8.1795e-06
98.3041,67.9497,6.47541,154.699,141.34,5.0,13.0,13.0,0.000867321,-0.000569921,1.79845e-05
102.94,65.0435,6.54844,152.47,141.393,21.0,13.0,13.0,0.000952956,-0.000549298,1.65361e-05
107.586,62.6952,6.62007,152.298,141.391,21.0,13.0,13.0,0.000886897,-0.000376774,9.66031e-06
111.78,61.3,6.6761,152.957,141.369,21.0,13.0,13.0,0.000789266,-0.000166759,9.62422e-06
115.56,60.9749,6.71866,154.401,141.346,21.0,13.0,13.0,0.000723144,4.75906e-05,7.25097e-06
119.049,61.8378,6.76229,156.427,141.321,21.0,13.0,13.0,0.000681097,0.000296624,1.185e-05
122.469,63.9042,6.84271,157.587,141.224,21.0,13.0,13.0,0.000693535,0.000523528,1.98721e-05
126.13,67.0624,6.95705,158.491,141.276,21.0,13.0,13.0,0.000774685,0.000726496,2.13759e-05
130.142,70.8877,7.0395,155.688,141.376,21.0,13.0,13.0,0.000806897,0.000763977,1.04483e-05
134.0,74.3683,7.06208,150.634,141.358,21.0,13.0,13.0,0.000731029,0.0006041,2.55655e-07
137.525,76.8003,7.05207,150.771,141.301,21.0,13.0,13.0,0.000679685,0.000351627,-9.92045e-06
141.003,78.0776,7.04856,154.461,141.269,25.0,13.0,13.0,0.000723315,0.000169916,1.2364e-05
144.769,78.6048,7.09707,154.55,141.329,25.0,13.0,13.0,0.000783676,3.3982e-05,7.25926e-06
148.72,78.5464,7.1291,154.447,141.346,25.0,13.0,13.0,0.000786337,-4.54401e-05,6.80224e-06
152.562,78.2342,7.16035,154.259,141.339,25.0,13.0,13.0,0.000744255,-7.18821e-05,5.96177e-06
156.134,77.8889,7.18565,154.447,141.354,25.0,13.0,13.0,0.000683564,-6.01837e-05,4.82796e-06
159.392,77.6851,7.20498,155.323,141.311,25.0,13.0,13.0,0.000620831,-1.93783e-05,4.87052e-06
162.359,77.7265,7.23242,155.561,141.289,25.0,13.0,13.0,0.000568379,3.73208e-05,6.23822e-06
165.101,78.0775,7.26491,155.722,141.326,25.0,13.0,13.0,0.000531963,0.000102696,7.58032e-06
167.706,78.7493,7.30283,155.72,141.359,25.0,13.0,13.0,0.000509593,0.000165967,6.7609e-06
170.236,79.7254,7.34234,155.651,141.352,25.0,13.0,13.0,0.000502737,0.000225697,7.55986e-06
172.768,80.9922,7.37875,155.567,141.356,25.0,13.0,13.0,0.00051232,0.000277621,6.80305e-06
175.385,82.4775,7.41418,155.15,141.381,25.0,13.0,13.0,0.00053747,0.000311346,7.01848e-06
178.166,84.055,7.4487,154.338,141.383,25.0,13.0,13.0,0.000577036,0.000315579,7.43373e-06
181.18,85.5773,7.48772,153.346,141.403,25.0,13.0,13.0,0.000629394,0.000288307,7.43113e-06
184.464,86.8835,7.52665,152.681,141.401,25.0,13.0,13.0,0.000684005,0.000229603,7.17961e-06
188.014,87.837,7.56263,152.407,141.404,25.0,13.0,13.0,0.000733604,0.000148304,6.9235e-06
191.766,88.3458,7.59711,152.303,141.405,25.0,13.0,13.0,0.000764291,5.42558e-05,6.55237e-06
195.633,88.3646,7.63001,152.513,141.411,25.0,13.0,13.0,0.000780289,-4.85781e-05,6.11463e-06
199.542,87.8189,7.66019,152.678,141.398,41.0,13.0,13.0,0.000780946,-0.000174423,6.5444e-06
203.397,86.5772,7.69474,152.751,141.382,41.0,13.0,13.0,0.000759018,-0.000323511,6.99342e-06
207.113,84.6033,7.73063,152.772,141.386,41.0,13.0,13.0,0.00072673,-0.000460063,7.35302e-06
210.651,82.0761,7.76527,152.608,141.383,41.0,13.0,13.0,0.00068957,-0.000539297,6.29435e-06
213.997,79.3649,7.79109,152.701,141.367,41.0,13.0,13.0,0.000650511,-0.00053106,4.52036e-06
217.141,76.8995,7.80948,153.697,141.333,37.0,13.0,13.0,0.000609156,-0.000443984,4.3496e-06
220.113,75.0187,7.82976,155.726,141.318,37.0,13.0,13.0,0.000583766,-0.000303379,5.43978e-06
223.046,73.8786,7.85818,157.214,141.303,37.0,13.0,13.0,0.00059015,-0.00015008,5.63457e-06
226.047,73.5558,7.88915,158.058,141.239,37.0,13.0,13.0,0.000617372,2.75788e-05,7.01017e-06
229.309,74.1063,7.93686,158.166,141.177,37.0,13.0,13.0,0.000692795,0.000182367,9.62765e-06
233.013,75.3018,7.97758,157.833,141.196,37.0,13.0,13.0,0.00079675,0.000282056,7.1196e-06
237.37,76.797,8.02287,157.289,141.245,37.0,13.0,13.0,0.000928807,0.000291054,8.0921e-06
242.128,78.0591,8.04888,156.02,141.304,41.0,13.0,13.0,0.000952743,0.000198503,2.88895e-06
246.674,78.7317,8.0649,154.848,141.37,41.0,13.0,13.0,0.00084977,7.1909e-05,3.56033e-06
250.578,78.7976,8.08958,155.435,141.347,41.0,13.0,13.0,0.000710598,-3.79474e-05,4.9189e-06
253.826,78.3962,8.10588,154.925,141.367,41.0,13.0,13.0,0.000592825,-0.000119935,2.92121e-06
256.535,77.6182,8.1221,154.095,141.368,41.0,13.0,13.0,0.000493503,-0.000189918,3.19042e-06
258.781,76.5014,8.13982,153.817,141.376,37.0,13.0,13.0,0.000407791,-0.000257366,3.64478e-06
260.637,75.0416,8.15843,154.067,141.393,37.0,13.0,13.0,0.000337956,-0.00032646,3.42543e-06
262.189,73.2371,8.17938,154.589,141.398,37.0,13.0,13.0,0.000287862,-0.000394582,4.21088e-06
263.547,71.125,8.2006,154.682,141.426,37.0,13.0,13.0,0.000259628,-0.000446858,3.87748e-06
264.818,68.8026,8.22008,154.055,141.432,37.0,13.0,13.0,0.000251932,-0.000476698,3.99425e-06
266.093,66.412,8.23525,152.792,141.449,37.0,13.0,13.0,0.000260758,-0.000473733,2.61699e-06
267.453,64.1185,8.24535,151.367,141.442,37.0,13.0,13.0,0.00028687,-0.000438967,1.62711e-06
269.004,62.0629,8.25375,150.489,141.441,37.0,13.0,13.0,0.000338287,-0.000381677,1.39844e-06
270.876,60.3154,8.26486,150.782,141.421,37.0,13.0,13.0,0.000415387,-0.000318277,2.58181e-06
273.197,58.8694,8.27647,151.772,141.395,37.0,13.0,13.0,0.000516734,-0.000261503,2.22971e-06
276.068,57.676,8.288,152.128,141.374,37.0,13.0,13.0,0.000631835,-0.000216692,2.1717e-06
279.507,56.7229,8.30061,151.792,141.365,37.0,13.0,13.0,0.000742758,-0.000163112,4.20095e-06
283.417,56.0994,8.31862,151.264,141.399,37.0,13.0,13.0,0.000812808,-8.22393e-05,2.92789e-06
287.54,55.931,8.32269,152.369,141.397,37.0,13.0,13.0,0.000832736,1.5796e-05,-1.67882e-06
291.698,56.3082,8.30838,154.136,141.393,37.0,13.0,13.0,0.000826882,0.000141978,-1.93403e-06
295.73,57.4149,8.30319,154.367,141.379,37.0,13.0,13.0,0.000781247,0.000300842,3.40503e-07
299.456,59.2496,8.30374,154.694,141.35,53.0,13.0,13.0,0.000706713,0.000421639,-1.02899e-08
302.811,61.5121,8.30374,155.263,141.345,53.0,13.0,13.0,0.000634276,0.000471948,7.41684e-07
305.826,63.8332,8.29986,154.438,141.355,53.0,13.0,13.0,0.000577191,0.000446119,-1.57768e-06
308.636,65.8887,8.29604,154.356,141.345,53.0,13.0,13.0,0.000554666,0.000369044,-1.38427e-06
311.443,67.5052,8.2836,154.573,141.332,53.0,13.0,13.0,0.000577463,0.000269962,-2.45825e-07
314.528,68.5695,8.36558,155.435,141.348,53.0,13.0,13.0,0.000649627,0.000161104,8.2387e-06
317.991,69.1517,8.40086,155.567,141.326,53.0,13.0,13.0,0.000753749,6.722e-05,7.66976e-06
321.794,69.3814,8.47138,155.15,141.344,53.0,13.0,13.0,0.000784165,2.09548e-05,4.57706e-06
325.781,69.4031,8.48359,153.517,141.389,53.0,13.0,13.0,0.000805208,-6.4236e-06,2.15222e-06
329.777,69.3342,8.48934,151.763,141.409,53.0,13.0,13.0,0.000786325,-1.99922e-05,1.54908e-06
333.587,69.2089,8.4978,150.317,141.41,53.0,13.0,13.0,0.000735216,-3.16764e-05,2.11538e-06
337.107,69.0071,8.50803,149.907,141.404,53.0,13.0,13.0,0.000671004,-5.11837e-05,1.87132e-06
340.316,68.6799,8.51754,150.504,141.384,53.0,13.0,13.0,0.000615943,-8.06682e-05,2.11878e-06
343.279,68.195,8.5256,151.275,141.388,53.0,13.0,13.0,0.000571608,-0.000114663,1.18003e-06
346.065,67.538,8.52988,151.642,141.396,53.0,13.0,13.0,0.000547752,-0.000149324,1.24052e-06
348.785,66.7199,8.53439,151.66,141.407,53.0,13.0,13.0,0.000541246,-0.000174962,5.27843e-07
351.521,65.7973,8.54217,151.398,141.421,53.0,13.0,13.0,0.000553986,-0.000188316,1.23054e-06
354.348,64.8669,8.55168,150.972,141.439,53.0,13.0,13.0,0.000580257,-0.000179348,2.26643e-06
357.349,64.0433,8.56437,150.457,141.435,53.0,13.0,13.0,0.000620571,-0.000145218,2.38966e-06
360.566,63.4717,8.57943,150.163,141.429,53.0,13.0,13.0,0.000667637,-7.86423e-05,3.4806e-06
364.05,63.3185,8.59766,150.216,141.431,53.0,13.0,13.0,0.000726993,2.41557e-05,4.27755e-06
367.844,63.7882,8.62188,150.857,141.387,53.0,13.0,13.0,0.000795452,0.000170495,5.98101e-06
372.05,65.0744,8.65433,151.697,141.354,53.0,13.0,13.0,0.000890193,0.000347327,7.7689e-06
376.769,67.2508,8.69401,152.076,141.342,53.0,13.0,13.0,0.000992216,0.000520208,7.34221e-06
381.815,70.1624,8.71723,150.335,141.396,53.0,13.0,13.0,0.000991159,0.000621292,-1.20071e-06
386.446,73.1546,8.729,149.057,141.377,53.0,13.0,13.0,0.000857436,0.000550441,2.892e-06
390.397,75.5643,8.71757,152.56,141.262,53.0,13.0,13.0,0.000733464,0.000406289,-1.56699e-05
393.939,77.2449,8.66848,155.442,141.281,53.0,13.0,13.0,0.000687419,0.000250407,-8.33278e-07
397.347,78.1794,8.66935,156.312,141.348,73.0,13.0,13.0,0.000680167,0.000129586,4.82103e-07
400.728,78.6077,8.67449,155.778,141.384,73.0,13.0,13.0,0.000671714,4.79536e-05,1.24639e-06
404.047,78.7189,8.67964,154.409,141.414,73.0,13.0,13.0,0.000653386,1.23851e-06,1.06392e-06
407.246,78.6619,8.68564,152.876,141.423,73.0,13.0,13.0,0.000624767,-2.06686e-05,1.19367e-06
410.286,78.5377,8.6941,151.665,141.431,73.0,13.0,13.0,0.000591591,-2.68183e-05,1.74239e-06
413.159,78.4073,8.70451,150.88,141.44,73.0,13.0,13.0,0.000558238,-2.43516e-05,1.94319e-06
415.879,78.3025,8.71424,150.852,141.43,73.0,13.0,13.0,0.000529914,-1.74474e-05,1.74644e-06
418.467,78.2355,8.72337,151.099,141.431,73.0,13.0,13.0,0.000506282,-9.29159e-06,1.75739e-06
420.946,78.2087,8.73173,151.372,141.427,73.0,13.0,13.0,0.000486594,-1.75318e-06,1.68613e-06
423.341,78.2186,8.73986,151.666,141.434,73.0,13.0,13.0,0.000471637,5.44296e-06,1.52678e-06
425.671,78.2602,8.74743,151.762,141.431,73.0,13.0,13.0,0.000460989,1.10164e-05,1.40461e-06
427.954,78.3267,8.75456,151.791,141.432,73.0,13.0,13.0,0.000452688,1.53749e-05,1.43518e-06
430.202,78.4134,8.76089,151.788,141.438,73.0,13.0,13.0,0.000446998,1.92825e-05,1.1798e-06
432.427,78.5188,8.76634,151.785,141.436,73.0,13.0,13.0,0.000442789,2.31544e-05,9.50823e-07
434.63,78.6446,8.77112,151.847,141.433,73.0,13.0,13.0,0.000438713,2.74389e-05,1.02702e-06
436.813,78.7966,8.77699,152.027,141.429,73.0,13.0,13.0,0.000434048,3.34941e-05,1.33214e-06
438.968,78.9856,8.78503,152.357,141.43,73.0,13.0,13.0,0.000427177,4.2418e-05,1.68568e-06
441.081,79.2282,8.79349,152.898,141.429,73.0,13.0,13.0,0.000417193,5.52853e-05,1.62701e-06
443.136,79.5476,8.79974,153.649,141.404,73.0,13.0,13.0,0.000404627,7.34798e-05,1.04571e-06
445.123,79.9729,8.80585,154.621,141.382,73.0,13.0,13.0,0.000390654,9.72699e-05,1.56651e-06
447.041,80.5394,8.81279,155.702,141.352,73.0,13.0,13.0,0.000377509,0.000129631,1.5007e-06
448.905,81.2833,8.82018,156.7,141.329,73.0,13.0,13.0,0.000368269,0.000168496,1.07447e-06
450.744,82.2431,8.82722,157.634,141.308,73.0,13.0,13.0,0.000368359,0.000215465,9.52342e-07
452.623,83.4478,8.83335,158.549,141.26,73.0,13.0,13.0,0.00038426,0.000266041,1.32339e-06
454.634,84.9074,8.84016,159.195,141.256,73.0,13.0,13.0,0.000423069,0.000316901,2.46023e-06
456.886,86.6022,8.85085,159.655,141.223,73.0,13.0,13.0,0.000480651,0.000359332,3.16766e-06
459.487,88.4744,8.86643,159.708,141.205,73.0,13.0,13.0,0.000560333,0.000383686,4.41211e-06
462.5,90.4155,8.87956,158.808,141.274,73.0,13.0,13.0,0.000645167,0.000382064,3.08212e-06
465.888,92.224,8.88736,156.775,141.305,73.0,13.0,13.0,0.000701826,0.000332428,1.10028e-06
469.449,93.6697,8.89306,154.586,141.366,73.0,13.0,13.0,0.000714919,0.000240065,1.0321e-06
472.989,94.5621,8.89626,153.48,141.401,73.0,13.0,13.0,0.000701534,0.000111847,1.51493e-06
476.443,94.7202,8.89758,152.867,141.372,73.0,13.0,13.0,0.000678053,-5.36345e-05,1.29016e-06
479.801,94.0264,8.90218,152.487,141.326,73.0,13.0,13.0,0.000669467,-0.000221724,8.13836e-07
483.187,92.5557,8.90687,153.581,141.274,73.0,13.0,13.0,0.000692594,-0.000361742,1.481e-06
486.715,90.4739,8.91005,155.679,141.247,73.0,13.0,13.0,0.000712234,-0.000462861,-5.91083e-07
490.206,88.0464,8.89867,156.159,141.295,73.0,13.0,13.0,0.000676044,-0.000497488,-1.90009e-06
493.372,85.6119,8.88971,155.198,141.316,73.0,13.0,13.0,0.000584162,-0.000463197,-1.99041e-06
496.121,83.5206,8.88884,155.257,141.256,89.0,13.0,13.0,0.000523223,-0.000367542,9.48803e-07
498.685,81.9543,8.89561,156.155,141.258,89.0,13.0,13.0,0.000509311,-0.00025542,6.58175e-07
501.264,80.968,8.89115,157.368,141.293,89.0,13.0,13.0,0.00052619,-0.000139666,-3.17547e-06
503.958,80.5313,8.87076,157.978,141.31,89.0,13.0,13.0,0.000550225,-3.69352e-05,-5.09035e-06
506.8,80.5859,8.86071,157.265,141.351,89.0,13.0,13.0,0.00058354,5.40366e-05,-2.5237e-06
509.775,81.0382,8.83481,156.183,141.382,89.0,13.0,13.0,0.000608174,0.000128309,-1.67543e-06
512.844,81.7962,8.82383,154.578,141.4,89.0,13.0,13.0,0.000617652,0.000169601,-1.10976e-06
515.92,82.6732,8.82559,152.832,141.417,89.0,13.0,13.0,0.000610489,0.00017527,7.71855e-08
518.911,83.4896,8.83379,151.318,141.413,89.0,13.0,13.0,0.000583058,0.000146558,1.21194e-06
521.715,84.0767,8.83719,151.379,141.397,89.0,13.0,13.0,0.000537558,8.27709e-05,3.0826e-07
524.282,84.2817,8.82454,154.043,141.287,89.0,13.0,13.0,0.00048758,-3.2724e-06,-4.58512e-06
526.572,83.9515,8.82187,157.774,141.074,89.0,13.0,13.0,0.000427393,-0.000132256,6.07035e-06
528.695,83.0778,8.84378,159.586,141.096,89.0,13.0,13.0,0.00041843,-0.00023144,7.26376e-06
530.852,81.6368,8.87665,160.667,141.077,89.0,13.0,13.0,0.00043373,-0.000334912,1.05684e-05
533.222,79.7296,8.92267,160.52,141.013,89.0,13.0,13.0,0.000505724,-0.000421871,6.59253e-06
536.041,77.4537,8.96724,160.16,140.977,85.0,13.0,13.0,0.000594996,-0.000449279,7.66087e-06
539.5,75.0211,8.98741,159.32,141.25,85.0,13.0,13.0,0.000753968,-0.00046516,4.98868e-06
543.362,73.0,8.99222,157.087,141.336,85.0,13.0,13.0,0.000757153,-0.000310695,6.6762e-06
546.996,71.9763,8.9762,154.361,141.418,85.0,13.0,13.0,0.000719343,-0.000116512,-1.00957e-06
550.579,71.9098,8.97935,151.773,141.38,85.0,13.0,13.0,0.000726371,7.81609e-05,4.22429e-07
554.324,72.7391,9.02532,153.369,141.313,85.0,13.0,13.0,0.000775284,0.000251091,3.60528e-05
558.368,74.3712,9.14169,157.865,141.29,85.0,13.0,13.0,0.000765531,0.000370033,1.99232e-05
562.269,76.4272,9.19348,160.21,141.363,85.0,13.0,13.0,0.000789466,0.000437346,-1.14616e-05
565.938,78.5765,9.17062,160.468,141.386,89.0,13.0,13.0,0.000660356,0.000410074,-9.43717e-06
568.827,80.4746,9.16979,160.62,141.416,89.0,13.0,13.0,0.000537503,0.000362574,1.52613e-05
571.206,82.0891,9.31904,160.29,141.357,89.0,13.0,13.0,0.000464399,0.000294035,1.78008e-05
573.418,83.4221,9.40151,159.746,141.338,89.0,13.0,13.0,0.000453744,0.000220494,4.00245e-06
575.752,84.29,9.38599,158.737,141.372,89.0,13.0,13.0,0.000471409,0.000135743,-2.9477e-06
578.122,84.8228,9.36838,158.021,141.414,89.0,13.0,13.0,0.0004756,8.08451e-05,-3.59216e-06
580.484,85.1308,9.35605,156.368,141.43,89.0,13.0,13.0,0.000466886,4.63566e-05,-2.13477e-06
582.767,85.3235,9.34723,154.357,141.462,89.0,13.0,13.0,0.000444808,3.35558e-05,-1.11693e-06
584.902,85.5018,9.33863,152.373,141.467,89.0,13.0,13.0,0.000407979,3.87637e-05,-1.66432e-06
586.826,85.7358,9.33123,152.133,141.45,89.0,13.0,13.0,0.000359859,5.73237e-05,-3.88869e-06
588.482,86.0901,9.30726,153.979,141.361,89.0,13.0,13.0,0.000301579,8.77702e-05,-3.41506e-06
589.886,86.6112,9.30885,155.757,141.281,89.0,13.0,13.0,0.000263518,0.000125333,-1.14203e-06
591.155,87.3572,9.30019,157.836,141.206,89.0,13.0,13.0,0.000238591,0.000179065,6.11015e-08
592.295,88.3375,9.30144,159.531,141.225,89.0,13.0,13.0,0.000223974,0.000211661,-2.06946e-06
593.419,89.537,9.30119,159.34,141.303,89.0,13.0,13.0,0.000231543,0.00026748,6.10381e-07
594.622,91.0209,9.30554,159.723,141.241,105.0,13.0,13.0,0.000254363,0.000325395,-1.00651e-07
596.022,92.7814,9.31222,159.439,141.211,105.0,13.0,13.0,0.000309028,0.000379578,3.43927e-06
597.779,94.7744,9.32314,158.311,141.201,105.0,13.0,13.0,0.000399509,0.000415092,1.69834e-06
600.023,96.8597,9.32717,157.7,141.237,105.0,13.0,13.0,0.000504898,0.00042408,-2.79809e-06
602.723,98.8276,9.31444,158.105,141.247,105.0,13.0,13.0,0.000562754,0.000357045,-4.32735e-06
605.701,100.482,9.3409,158.102,141.276,105.0,13.0,13.0,0.000649749,0.000304094,3.62181e-06
609.078,101.718,9.35764,157.716,141.323,105.0,13.0,13.0,0.000681529,0.000171127,1.13923e-06
612.616,102.343,9.3548,157.652,141.311,105.0,13.0,13.0,0.000719553,6.29099e-05,1.55122e-07
616.219,102.286,9.34226,157.15,141.248,105.0,13.0,13.0,0.000719004,-8.10234e-05,-3.59364e-06
619.722,101.568,9.32018,157.463,141.279,105.0,13.0,13.0,0.000678786,-0.000195274,-7.12134e-06
623.013,100.405,9.3044,156.82,141.298,105.0,13.0,13.0,0.00063026,-0.000267555,7.37081e-07
625.999,98.9498,9.33153,155.709,141.284,105.0,13.0,13.0,0.000569771,-0.000309296,3.14268e-06
628.687,97.3615,9.34191,153.948,141.317,105.0,13.0,13.0,0.000505779,-0.000322002,-1.05198e-06
631.041,95.7563,9.34221,153.265,141.358,105.0,13.0,13.0,0.000436915,-0.00031708,-1.76027e-06
633.071,94.2171,9.3351,153.585,141.358,105.0,13.0,13.0,0.000377908,-0.000296023,-1.39829e-06
634.859,92.8057,9.32232,153.368,141.381,105.0,13.0,13.0,0.000340401,-0.000268929,-2.93593e-06
636.502,91.5325,9.30728,152.973,141.407,105.0,13.0,13.0,0.000318512,-0.000240843,-3.81149e-06
638.075,90.3993,9.2949,152.665,141.413,105.0,13.0,13.0,0.000311485,-0.000213821,-1.3055e-06
639.642,89.3918,9.29038,152.265,141.44,105.0,13.0,13.0,0.00031581,-0.000190688,-1.26452e-06
641.257,88.484,9.28784,151.683,141.439,105.0,13.0,13.0,0.000329986,-0.000175047,-5.45121e-07
642.958,87.6328,9.28671,150.888,141.454,105.0,13.0,13.0,0.00035067,-0.000167935,3.39237e-07
644.772,86.7825,9.28799,150.065,141.452,105.0,13.0,13.0,0.000375907,-0.000173015,4.82403e-07
646.727,85.8742,9.29168,149.563,141.439,105.0,13.0,13.0,0.000407816,-0.000191447,4.90103e-07
648.862,84.8444,9.29243,149.388,141.425,105.0,13.0,13.0,0.000449006,-0.000223173,-4.78385e-07
651.233,83.6188,9.28781,149.419,141.416,105.0,13.0,13.0,0.000503568,-0.000269922,-2.03529e-06
653.923,82.1312,9.2759,149.552,141.385,105.0,13.0,13.0,0.000575671,-0.000325673,-2.60262e-06
657.05,80.3525,9.25797,149.708,141.377,105.0,13.0,13.0,0.000677433,-0.000381631,-3.86145e-06
660.725,78.359,9.23553,149.415,141.388,105.0,13.0,13.0,0.000791506,-0.000408104,-5.05132e-06
664.938,76.3747,9.21018,148.235,141.432,101.0,13.0,13.0,0.00088733,-0.000371386,-5.53094e-06
669.496,74.8096,9.19096,145.917,141.474,101.0,13.0,13.0,0.000924179,-0.0002378,-2.28953e-06
674.077,74.1384,9.18079,144.838,141.459,101.0,13.0,13.0,0.000901606,-2.19862e-05,-2.19113e-06
678.517,74.6854,9.16768,146.911,141.409,101.0,13.0,13.0,0.00087972,0.00024906,-3.81806e-06
682.954,76.648,9.14278,148.501,141.257,101.0,13.0,13.0,0.000903035,0.000530288,-7.09708e-06
687.585,79.8752,9.16169,149.221,141.248,105.0,13.0,13.0,0.000942995,0.000718776,-6.04946e-06
692.142,83.5552,9.13527,149.872,141.345,105.0,13.0,13.0,0.000851032,0.000721932,-3.04137e-06
695.963,86.7902,9.13648,154.622,141.374,121.0,13.0,13.0,0.00068548,0.000567015,3.40029e-06
699.186,89.2263,9.13771,156.002,141.368,121.0,13.0,13.0,0.000612322,0.000411234,1.985e-07
702.187,90.9332,9.14388,155.749,141.372,121.0,13.0,13.0,0.000593298,0.000272538,2.31691e-06
705.137,92.0226,9.15055,154.983,141.407,121.0,13.0,13.0,0.000586229,0.000168565,2.0114e-06
708.027,92.6706,9.15473,153.693,141.429,121.0,13.0,13.0,0.00056544,9.65719e-05,1.47889e-06
710.752,93.0351,9.16241,152.474,141.417,121.0,13.0,13.0,0.000521475,5.31106e-05,1.1937e-06
713.214,93.2278,9.17105,151.871,141.424,121.0,13.0,13.0,0.000460563,2.68101e-05,1.8152e-06
715.346,93.3235,9.18149,152.643,141.406,121.0,13.0,13.0,0.000390611,1.27548e-05,1.3951e-06
717.121,93.3733,9.19329,154.549,141.363,121.0,13.0,13.0,0.000319101,7.69395e-06,1.73335e-06
718.54,93.4078,9.20447,156.58,141.333,121.0,13.0,13.0,0.000250486,5.87847e-06,1.66615e-06
719.638,93.4412,9.20603,157.888,141.306,121.0,13.0,13.0,0.000190708,5.81256e-06,-1.1747e-06
720.468,93.4924,9.1995,158.722,141.29,121.0,13.0,13.0,0.000143482,1.10433e-05,-1.8171e-06
721.087,93.5585,9.188,159.627,141.295,121.0,13.0,13.0,0.000105701,1.79666e-05,-1.37217e-06
721.552,93.656,9.18355,160.076,141.258,121.0,13.0,13.0,8.14444e-05,2.10308e-05,-1.16682e-06
721.899,93.7757,9.16923,160.476,141.242,121.0,13.0,13.0,5.83118e-05,2.75086e-05,-2.88501e-06
722.154,93.9299,9.1588,160.562,141.258,121.0,13.0,13.0,4.60106e-05,3.36035e-05,-1.55169e-06
722.368,94.112,9.15374,160.904,141.287,121.0,13.0,13.0,3.97725e-05,3.99718e-05,-4.54302e-07
722.556,94.3331,9.15128,161.181,141.267,121.0,13.0,13.0,3.5108e-05,4.86208e-05,-7.86008e-07
722.722,94.6012,9.14443,161.341,141.247,121.0,13.0,13.0,3.19699e-05,5.9041e-05,-1.9043e-06
722.874,94.9245,9.13398,161.305,141.221,121.0,13.0,13.0,2.94603e-05,7.0336e-05,-2.1276e-06
723.021,95.3009,9.12491,161.333,141.211,121.0,13.0,13.0,2.97029e-05,8.03474e-05,-1.7139e-06
723.177,95.7336,9.11616,161.359,141.229,121.0,13.0,13.0,3.26259e-05,9.39241e-05,-2.03837e-06
723.344,96.2377,9.10844,160.998,141.227,121.0,13.0,13.0,3.54461e-05,0.000108322,-8.791e-07
723.541,96.8325,9.10442,160.665,141.207,121.0,13.0,13.0,4.2883e-05,0.00012904,-1.08876e-06
723.778,97.5179,9.10144,160.337,141.189,121.0,13.0,13.0,5.22808e-05,0.00014681,-8.49452e-07
724.07,98.3035,9.09662,160.12,141.209,121.0,13.0,13.0,6.49807e-05,0.000168984,-9.09254e-07
724.44,99.1963,9.08452,159.584,141.232,121.0,13.0,13.0,8.42251e-05,0.000189041,-3.46101e-06
724.909,100.182,9.06907,159.227,141.221,121.0,13.0,13.0,0.0001027,0.000205585,-3.04295e-06
725.505,101.293,9.05991,159.823,141.199,121.0,13.0,13.0,0.000134125,0.000234094,9.01443e-08
726.237,102.487,9.05823,160.788,141.218,121.0,13.0,13.0,0.000159463,0.000249142,-2.58122e-06
727.111,103.721,9.03805,161.633,141.158,121.0,13.0,13.0,0.000188641,0.000245676,-3.06064e-06
728.132,104.931,9.01426,161.519,141.138,121.0,13.0,13.0,0.000218098,0.000232872,-8.27025e-06
729.077,105.812,8.98611,162.191,140.994,121.0,13.0,13.0,0.000174823,0.000154315,-3.94997e-08
730.306,106.904,8.97216,161.893,141.062,121.0,13.0,13.0,0.000253494,0.000195971,-8.26041e-06
731.719,107.947,8.89797,162.559,141.219,121.0,13.0,13.0,0.00031935,0.000227408,-6.7295e-06
733.378,108.934,8.92549,165.504,141.277,121.0,13.0,13.0,0.000311301,0.000147754,1.01616e-05
735.18,109.769,8.95041,166.351,141.264,121.0,13.0,13.0,0.000374797,0.000144282,8.99799e-07
736.984,110.315,8.96206,168.028,141.312,121.0,13.0,13.0,0.000345391,8.39119e-05,-8.52002e-07
738.649,110.636,8.95295,170.13,141.4,121.0,13.0,13.0,0.000310233,4.15603e-05,-1.00354e-06
740.116,110.755,8.9683,171.619,141.339,121.0,13.0,13.0,0.000315776,2.65575e-05,1.2248e-05
741.712,110.832,9.02791,174.128,141.298,121.0,13.0,13.0,0.000308367,8.59124e-07,8.07875e-06
743.259,110.796,9.04238,176.3,141.297,121.0,13.0,13.0,0.000341996,-9.36997e-06,2.38788e-06
744.98,110.64,9.04974,178.411,141.219,121.0,13.0,13.0,0.000336115,-4.94165e-05,-2.20736e-06
746.659,110.318,9.04288,179.913,141.333,121.0,13.0,13.0,0.000347179,-8.17157e-05,-1.0669e-05
748.52,109.824,9.05272,176.522,141.404,121.0,13.0,13.0,0.000387496,-0.000121127,5.37516e-06
750.471,109.112,9.05806,174.114,141.376,121.0,13.0,13.0,0.000394772,-0.000162149,-2.56013e-06
752.386,108.199,9.04077,172.661,141.398,121.0,13.0,13.0,0.000376421,-0.000201074,-2.14907e-06
754.126,107.129,9.03926,170.153,141.318,121.0,13.0,13.0,0.000328255,-0.000223799,-3.07182e-06
755.764,105.98,9.05172,168.959,141.397,121.0,13.0,13.0,0.000323201,-0.000238543,1.16095e-06
757.322,104.773,9.02731,167.719,141.361,121.0,13.0,13.0,0.000319562,-0.00025125,-2.48524e-06
758.788,103.526,8.99875,167.72,141.318,121.0,13.0,13.0,0.000260436,-0.000238205,-2.21698e-05
760.157,102.314,8.92304,169.954,141.415,121.0,13.0,13.0,0.000245485,-0.000236466,-1.88697e-05
761.392,101.19,8.84221,170.929,141.473,121.0,13.0,13.0,0.000255061,-0.00021633,2.40468e-06
762.673,100.176,8.83889,170.836,141.488,121.0,13.0,13.0,0.000246729,-0.000192871,2.3335e-06
763.835,99.2821,8.85275,175.847,141.477,121.0,13.0,13.0,0.000241262,-0.000166803,1.1843e-05
765.077,98.5483,8.88697,176.75,141.499,121.0,13.0,13.0,0.000257731,-0.000132045,1.89206e-06
766.415,97.9599,8.90173,175.132,141.47,121.0,13.0,13.0,0.000282418,-0.000103381,1.60891e-06
767.919,97.5394,8.90077,174.135,141.439,121.0,13.0,13.0,0.000323829,-6.3782e-05,-3.41003e-06
769.565,97.2945,8.89518,174.424,141.45,121.0,13.0,13.0,0.000351331,-3.17605e-05,1.16513e-06
771.484,97.223,8.90438,174.181,141.438,121.0,13.0,13.0,0.00039831,1.71606e-06,3.54962e-06
773.587,97.321,8.92251,175.093,141.425,121.0,13.0,13.0,0.000451583,3.92353e-05,5.26235e-06
775.928,97.5691,8.94717,174.821,141.432,121.0,13.0,13.0,0.000493463,6.09314e-05,8.06489e-06
778.595,97.9544,8.9345,175.245,141.447,121.0,13.0,13.0,0.000576886,8.8243e-05,-2.08701e-06
781.645,98.4047,8.94136,175.964,141.447,121.0,13.0,13.0,0.000640476,8.67163e-05,3.49054e-06
784.992,98.7664,8.94683,176.09,141.465,121.0,13.0,13.0,0.000694023,5.09419e-05,-1.98917e-06
788.491,98.8612,8.98392,175.032,141.482,121.0,13.0,13.0,0.000695799,-1.83795e-05,8.49994e-06
